"ticker";"dimension";"calendardate";"datekey";"reportperiod";"lastupdated";"accoci";"assets";"assetsavg";"assetsc";"assetsnc";"assetturnover";"bvps";"capex";"cashneq";"cashnequsd";"cor";"consolinc";"currentratio";"de";"debt";"debtc";"debtnc";"debtusd";"deferredrev";"depamor";"deposits";"divyield";"dps";"ebit";"ebitda";"ebitdamargin";"ebitdausd";"ebitusd";"ebt";"eps";"epsdil";"epsusd";"equity";"equityavg";"equityusd";"ev";"evebit";"evebitda";"fcf";"fcfps";"fxusd";"gp";"grossmargin";"intangibles";"intexp";"invcap";"invcapavg";"inventory";"investments";"investmentsc";"investmentsnc";"liabilities";"liabilitiesc";"liabilitiesnc";"marketcap";"ncf";"ncfbus";"ncfcommon";"ncfdebt";"ncfdiv";"ncff";"ncfi";"ncfinv";"ncfo";"ncfx";"netinc";"netinccmn";"netinccmnusd";"netincdis";"netincnci";"netmargin";"opex";"opinc";"payables";"payoutratio";"pb";"pe";"pe1";"ppnenet";"prefdivis";"price";"ps";"ps1";"receivables";"retearn";"revenue";"revenueusd";"rnd";"roa";"roe";"roic";"ros";"sbcomp";"sgna";"sharefactor";"sharesbas";"shareswa";"shareswadil";"sps";"tangibles";"taxassets";"taxexp";"taxliabilities";"tbvps";"workingcapital";"return";"total return"
"A";"MRY";"12/31/2011";"10/31/2011";"10/31/2011";"5/31/2018";116000000;9057000000;8625750000;5569000000;3488000000;1;12.415;-170000000;3527000000;3527000000;3086000000;1012000000;3.032;1.101;2185000000;253000000;1932000000;2185000000;389000000;253000000;0;0.0;0.0;1118000000;1371000000;0.207;1371000000;1118000000;1032000000;2.92;2.85;2.92;4308000000;3946250000;4308000000;11938235436;11;8.708;1090000000;3.141;1;3529000000;0.533;1996000000;86000000;3882000000;4135000000;898000000;117000000;0;117000000;4741000000;1837000000;2904000000;12871235436;878000000;-97000000;-193000000;-1500000000;0;-1693000000;1294000000;1561000000;1260000000;17000000;1012000000;1012000000;1012000000;0;0;0.153;2458000000;1071000000;472000000;0.0;2.988;12.719;12.695;1006000000;0;37.07;1.946;1.945;860000000;4456000000;6615000000;6615000000;649000000;0.117;0.256;0.27;0.169;72000000;1809000000;1;347214336;347000000;355000000;19.063;7061000000;0;20000000;0;20.349;3732000000;"";""
"A";"MRY";"12/31/2012";"10/31/2012";"10/31/2012";"5/31/2018";-111000000;10536000000;9701250000;4629000000;5907000000;1;14.891;-194000000;2351000000;2351000000;3254000000;1153000000;2.445;1.033;2362000000;250000000;2112000000;2362000000;420000000;301000000;0;0.008;0.3;1144000000;1445000000;0.211;1445000000;1144000000;1043000000;3.31;3.27;3.31;5182000000;4817500000;5182000000;12831468609;11;8.88;1034000000;2.971;1;3604000000;0.526;4111000000;101000000;4543000000;4058750000;1014000000;109000000;0;109000000;5351000000;1893000000;3458000000;12540468609;-1176000000;-2257000000;-72000000;145000000;-104000000;-37000000;-2366000000;85000000;1228000000;-1000000;1153000000;1153000000;1153000000;0;0;0.168;2485000000;1119000000;461000000;0.091;2.42;10.876;10.873;1164000000;0;35.99;1.829;1.826;923000000;5505000000;6858000000;6858000000;668000000;0.119;0.239;0.282;0.167;74000000;1817000000;1;348443140;348000000;353000000;19.707;6425000000;0;-110000000;0;18.463;2736000000;"-2.913407068";""
"A";"MRY";"12/31/2013";"10/31/2013";"10/31/2013";"5/31/2018";91000000;10686000000;10551000000;4983000000;5703000000;0;15.922;-193000000;2675000000;2675000000;1987000000;734000000;3.11;1.021;2699000000;0;2699000000;2699000000;439000000;372000000;0;0.009;0.46;909000000;1281000000;0.329;1281000000;909000000;802000000;2.15;2.13;2.15;5286000000;5181500000;5286000000;17162000956;19;13.397;959000000;2.812;1;1907000000;0.49;3963000000;107000000;5145000000;4849250000;1066000000;139000000;0;139000000;5397000000;1602000000;3795000000;16791000956;324000000;-42000000;-739000000;342000000;-156000000;-554000000;-248000000;-13000000;1152000000;-26000000;734000000;734000000;734000000;-509000000;0;0.188;1521000000;386000000;432000000;0.214;3.177;22.876;23.609;1134000000;0;50.76;4.312;4.445;899000000;6073000000;3894000000;3894000000;337000000;0.07;0.142;0.187;0.233;83000000;1184000000;1;330791981;341000000;345000000;11.419;6723000000;0;68000000;0;20.25;3381000000;"41.83917755";""
"A";"MRY";"12/31/2014";"10/31/2014";"10/31/2014";"5/31/2018";-334000000;10815000000;10714750000;5509000000;5306000000;0;15.919;-191000000;2218000000;2218000000;2072000000;549000000;3.256;1.04;1663000000;0;1663000000;1663000000;260000000;384000000;0;0.01;0.528;656000000;1040000000;0.257;1040000000;656000000;546000000;1.65;1.62;1.65;5301000000;5502000000;5301000000;18261584157;28;17.559;540000000;1.622;1;1976000000;0.488;3156000000;110000000;5412000000;5148000000;574000000;96000000;0;96000000;5511000000;1692000000;3819000000;18436584157;353000000;-36000000;-12000000;90000000;-176000000;-117000000;-230000000;-3000000;731000000;-31000000;549000000;549000000;549000000;-317000000;0;0.136;1557000000;419000000;302000000;0.32;3.478;33.582;33.503;631000000;0;55.28;4.554;4.547;626000000;6469000000;4048000000;4048000000;358000000;0.051;0.1;0.127;0.162;96000000;1199000000;1;333512738;333000000;338000000;12.156;7659000000;0;-3000000;0;23.0;3817000000;"9.80464933";""
"A";"MRY";"12/31/2015";"10/31/2015";"10/31/2015";"5/31/2018";-391000000;7479000000;7415250000;3686000000;3793000000;1;12.627;-86000000;2245000000;2245000000;1997000000;401000000;3.777;0.794;1655000000;0;1655000000;1655000000;258000000;253000000;0;0.425;16.066;509000000;762000000;0.189;762000000;509000000;443000000;1.2;1.2;1.2;4167000000;4166250000;4167000000;12093786003;24;15.871;426000000;1.279;1;2041000000;0.505;2811000000;66000000;3102000000;3133500000;541000000;86000000;0;86000000;3309000000;976000000;2333000000;12513786003;-1025000000;-72000000;-209000000;0;-133000000;-1089000000;-400000000;-242000000;512000000;-48000000;401000000;401000000;401000000;37000000;0;0.099;1519000000;522000000;279000000;13.388;3.003;31.206;31.467;604000000;0;37.76;3.099;3.114;606000000;5581000000;4038000000;4038000000;330000000;0.054;0.096;0.162;0.126;54000000;1189000000;1;331403231;333000000;335000000;12.126;4668000000;0;42000000;0;14.145;2710000000;"-30.69319826";""
"A";"MRY";"12/31/2016";"10/31/2016";"10/31/2016";"5/31/2018";-503000000;7794000000;7617500000;3635000000;4159000000;1;13.015;-139000000;2289000000;2289000000;2005000000;462000000;3.847;0.836;1904000000;0;1904000000;1904000000;269000000;246000000;0;0.011;0.46;616000000;862000000;0.205;862000000;616000000;544000000;1.42;1.4;1.42;4243000000;4198250000;4243000000;13821443775;22;16.034;654000000;2.006;1;2197000000;0.523;2933000000;72000000;3531000000;3303000000;533000000;135000000;0;135000000;3548000000;945000000;2603000000;14133443775;286000000;-261000000;-372000000;260000000;-150000000;-268000000;-238000000;162000000;793000000;-1000000;462000000;462000000;462000000;0;0;0.11;1582000000;615000000;257000000;0.324;3.331;30.592;30.683;639000000;0;43.57;3.364;3.38;631000000;6089000000;4202000000;4202000000;329000000;0.061;0.11;0.186;0.147;58000000;1253000000;1;324384755;326000000;329000000;12.89;4861000000;0;82000000;0;14.911;2690000000;"57.88665254";""
"A";"MRY";"12/31/2017";"10/31/2017";"10/31/2017";"5/31/2018";-346000000;8426000000;8143750000;4169000000;4257000000;1;15.003;-176000000;2678000000;2678000000;2063000000;684000000;3.301;0.743;2011000000;210000000;1801000000;2011000000;291000000;212000000;0;0.008;0.528;882000000;1094000000;0.245;1094000000;882000000;803000000;2.12;2.1;2.12;4831000000;4527000000;4831000000;21411959044;24;19.572;713000000;2.214;1;2409000000;0.539;2968000000;79000000;3528000000;3545250000;575000000;138000000;0;138000000;3591000000;1263000000;2328000000;21893959044;389000000;-126000000;-128000000;110000000;-170000000;-202000000;-305000000;-3000000;889000000;7000000;684000000;684000000;684000000;0;0;0.153;1568000000;841000000;305000000;0.249;4.532;32.009;32.09;757000000;0;68.03;4.896;4.898;724000000;-126000000;4472000000;4472000000;339000000;0.084;0.151;0.249;0.197;60000000;1229000000;1;321828003;322000000;326000000;13.888;5458000000;0;119000000;0;16.95;2906000000;"57.23954556";"131.6019153"
"AAPL";"MRY";"12/31/2011";"9/24/2011";"9/24/2011";"5/2/2018";443000000;116000000000;101000000000;76722000000;76722000001;1;11.791;-7452000000;9815000000;9815000000;64431000000;25922000000;1.608;0.519;0;0;0;0;5777000000;1814000000;0;0.0;0.0;34205000000;36019000000;0.333;36019000000;34205000000;34205000000;4.007;3.954;4.007;76615000000;65525250000;76615000000;363000000000;10;10.071;30077000000;4.649;1;43818000000;0.405;4432000000;0;74154000000;61088250000;776000000;71755000000;16137000000;55618000000;39756000000;27970000000;11786000000;375000000000;-1446000000;-244000000;831000000;0;0;1444000000;-40419000000;-32464000000;37529000000;0;25922000000;25922000000;25922000000;0;0;0.239;10028000000;33790000000;14632000000;0.0;4.892;14.46;14.414;7777000000;0;57.757;3.463;3.452;11717000000;62841000000;108000000000;108000000000;2429000000;0.256;0.396;0.56;0.316;1168000000;7599000000;1;6489636202;6469806000;6556515000;16.731;112000000000;2014000000;8283000000;0;17.227;17018000000;"";""
"AAPL";"MRY";"12/31/2012";"9/29/2012";"9/29/2012";"5/2/2018";499000000;176000000000;157000000000;76207000000;76207000001;1;17.998;-9402000000;10746000000;10746000000;87846000000;41733000000;1.496;0.489;0;0;0;0;8601000000;3277000000;0;0.004;0.379;55763000000;59040000000;0.377;59040000000;55763000000;55763000000;6.38;6.31;6.38;118000000000;106000000000;118000000000;617000000000;11;10.457;41454000000;6.335;1;68662000000;0.439;5359000000;0;121000000000;108000000000;791000000;111000000000;18383000000;92122000000;57854000000;38542000000;19312000000;625000000000;931000000;-350000000;665000000;0;-2488000000;-1698000000;-48227000000;-38427000000;50856000000;0;41733000000;41733000000;41733000000;0;0;0.267;13421000000;55241000000;21175000000;0.059;5.29;14.985;14.937;15452000000;0;95.301;3.996;3.985;18692000000;101000000000;157000000000;157000000000;3381000000;0.266;0.395;0.517;0.356;1740000000;10040000000;1;6561842000;6543726000;6617483000;23.917;171000000000;2583000000;14030000000;0;25.991;19111000000;"65.66338972";""
"AAPL";"MRY";"12/31/2013";"9/28/2013";"9/28/2013";"5/2/2018";-471000000;207000000000;199000000000;74968000000;74968000001;1;19.521;-9076000000;14259000000;14259000000;107000000000;37037000000;1.679;0.675;16960000000;0;16960000000;16960000000;10060000000;6757000000;0;0.024;1.629;50155000000;56912000000;0.333;56912000000;50155000000;50155000000;5.72;5.68;5.72;124000000000;127000000000;124000000000;444000000000;8;7.807;44590000000;6.884;1;64304000000;0.376;5756000000;0;160000000000;148000000000;1764000000;133000000000;26287000000;106000000000;83451000000;43658000000;39793000000;439000000000;3513000000;-496000000;-22330000000;16896000000;-10564000000;-16379000000;-33774000000;-24042000000;53666000000;0;37037000000;37037000000;37037000000;0;0;0.217;15305000000;48999000000;22367000000;0.285;3.55;11.842;12.057;16597000000;0;68.964;2.566;2.614;20641000000;104000000000;171000000000;171000000000;4475000000;0.186;0.291;0.339;0.293;2253000000;10830000000;1;6359479000;6477320000;6521634000;26.386;201000000000;3453000000;13118000000;0;31.796;29628000000;"-25.49885101";""
"AAPL";"MRY";"12/31/2014";"9/27/2014";"9/27/2014";"5/2/2018";1082000000;232000000000;221000000000;74134000000;74134000001;1;18.798;-9813000000;13844000000;13844000000;112000000000;39510000000;1.08;1.078;35295000000;6308000000;28987000000;35295000000;11522000000;7946000000;0;0.018;1.811;53483000000;61429000000;0.336;61429000000;53483000000;53483000000;6.49;6.45;6.49;112000000000;121000000000;112000000000;621000000000;11;10.115;49900000000;8.2;1;70537000000;0.386;8758000000;0;181000000000;173000000000;2111000000;141000000000;11233000000;130000000000;120000000000;63448000000;56844000000;603000000000;-415000000;-3765000000;-44270000000;18266000000;-11126000000;-37549000000;-22579000000;-9027000000;59713000000;0;39510000000;39510000000;39510000000;0;0;0.216;18034000000;52503000000;30196000000;0.279;5.408;15.269;15.524;20624000000;0;100.75;3.3;3.354;27219000000;87152000000;183000000000;183000000000;6041000000;0.178;0.328;0.309;0.293;2863000000;11993000000;1;5987867000;6085572000;6122663000;30.037;223000000000;4318000000;13973000000;0;37.595;5083000000;"51.67310481";""
"AAPL";"MRY";"12/31/2015";"9/26/2015";"9/26/2015";"5/2/2018";-345000000;290000000000;272000000000;73368000000;73368000001;1;21.136;-11488000000;21120000000;21120000000;140000000000;53394000000;1.109;1.433;64328000000;10999000000;53329000000;64328000000;12564000000;11257000000;0;0.017;1.98;72515000000;83772000000;0.358;83772000000;72515000000;72515000000;9.28;9.22;9.28;119000000000;124000000000;119000000000;693000000000;9;8.276;69778000000;12.128;1;93626000000;0.401;9009000000;0;244000000000;225000000000;2349000000;185000000000;20481000000;164000000000;171000000000;80610000000;90380000000;654000000000;7276000000;-343000000;-34710000000;29305000000;-11561000000;-17716000000;-56274000000;-44417000000;81266000000;0;53394000000;53394000000;53394000000;0;0;0.228;22396000000;71230000000;35490000000;0.213;5.481;12.252;12.361;22471000000;0;114.71;2.799;2.824;30343000000;92284000000;234000000000;234000000000;8067000000;0.197;0.429;0.322;0.31;3586000000;14329000000;1;5702722000;5753421000;5793069000;40.622;281000000000;0;19121000000;0;49.821;8768000000;"19.6128139";""
"AAPL";"MRY";"12/31/2016";"9/24/2016";"9/24/2016";"5/2/2018";634000000;322000000000;306000000000;73286000000;73286000001;1;23.896;-13548000000;20484000000;20484000000;131000000000;45687000000;1.353;1.508;87032000000;11605000000;75427000000;87032000000;11010000000;10505000000;0;0.019;2.18;61372000000;71877000000;0.333;71877000000;61372000000;61372000000;8.35;8.31;8.35;128000000000;128000000000;128000000000;674000000000;10;9.378;52276000000;9.555;1;84263000000;0.391;8620000000;0;301000000000;283000000000;2132000000;217000000000;46671000000;170000000000;193000000000;79006000000;114000000000;607000000000;-636000000;-297000000;-29227000000;22057000000;-12150000000;-20483000000;-45977000000;-32022000000;65824000000;0;45687000000;45687000000;45687000000;0;0;0.212;24239000000;60024000000;37294000000;0.261;4.736;13.293;13.498;27010000000;0;112.71;2.816;2.859;29299000000;96364000000;216000000000;216000000000;10045000000;0.149;0.356;0.217;0.285;4210000000;14194000000;1;5388443000;5470820000;5500281000;39.416;313000000000;0;15685000000;0;58.333;27863000000;"5.179496121";""
"AAPL";"MRY";"12/31/2017";"9/30/2017";"9/30/2017";"5/2/2018";-150000000;375000000000;347000000000;71550000000;71550000001;1;26.031;-12795000000;20289000000;20289000000;141000000000;48351000000;1.276;1.8;116000000000;18473000000;97207000000;116000000000;10384000000;10157000000;0;0.016;2.4;64089000000;74246000000;0.324;74246000000;64089000000;64089000000;9.27;9.21;9.27;134000000000;133000000000;134000000000;886000000000;13;11.931;50803000000;9.738;1;88186000000;0.385;0;0;370000000000;340000000000;4855000000;249000000000;53892000000;195000000000;241000000000;101000000000;140000000000;796000000000;-195000000;-329000000;-32345000000;29014000000;-12769000000;-17347000000;-46446000000;-33542000000;63598000000;0;48351000000;48351000000;48351000000;0;0;0.211;26842000000;61344000000;49049000000;0.259;5.939;16.464;16.626;33783000000;0;154.12;3.473;3.508;35673000000;98330000000;229000000000;229000000000;11581000000;0.14;0.363;0.188;0.28;4840000000;15261000000;1;5165228000;5217242000;5251692000;43.938;375000000000;0;15738000000;0;72.886;27831000000;"45.97402183";"184.8612636"
"AMD";"MRY";"12/31/2011";"12/31/2011";"12/31/2011";"5/3/2018";-5000000;4954000000;5155750000;913359001;0;1;2.169;-234000000;1765000000;1765000000;3628000000;491000000;1.82;2.116;2016000000;489000000;1527000000;2016000000;123000000;317000000;0;0.0;0.0;667000000;984000000;0.15;984000000;667000000;487000000;0.68;0.66;0.68;1590000000;1633250000;1590000000;4016382790;6;4.082;148000000;0.204;1;2940000000;0.448;331000000;180000000;3100000000;3560500000;476000000;427000000;0;427000000;3364000000;1774000000;1590000000;3763382790;263000000;0;18000000;-39000000;0;-6000000;-113000000;140000000;382000000;0;491000000;491000000;491000000;4000000;0;0.075;2572000000;368000000;540000000;0.0;2.367;7.665;7.941;726000000;0;5.4;0.573;0.598;919000000;-4977000000;6568000000;6568000000;1453000000;0.095;0.301;0.187;0.102;90000000;992000000;1;696922739;727000000;742000000;9.034;4623000000;0;-4000000;0;6.307;1455000000;"";""
"AMD";"MRY";"12/31/2012";"12/29/2012";"12/29/2012";"5/3/2018";-3000000;4000000000;4660250000;913233001;0;1;0.72;-133000000;549000000;549000000;4187000000;-1183000000;1.621;6.435;2042000000;5000000;2037000000;2042000000;108000000;260000000;0;0.0;0.0;-1042000000;-782000000;-0.144;-782000000;-1042000000;-1217000000;-1.6;-1.6;-1.6;538000000;924000000;538000000;2363240999;-2;-3.022;-471000000;-0.636;1;1235000000;0.228;649000000;175000000;3447000000;2879500000;562000000;634000000;453000000;181000000;3462000000;1397000000;2065000000;1623240999;-320000000;-281000000;14000000;2000000;0;37000000;-19000000;404000000;-338000000;0;-1183000000;-1183000000;-1183000000;0;0;-0.218;2291000000;-1056000000;732000000;0.0;3.017;-1.372;-1.425;658000000;0;2.28;0.299;0.312;630000000;-6160000000;5422000000;5422000000;1354000000;-0.254;-1.28;-0.362;-0.192;97000000;823000000;1;711947807;741000000;741000000;7.317;3351000000;0;-34000000;0;4.486;868000000;"-57.77777778";""
"AMD";"MRY";"12/31/2013";"12/28/2013";"12/28/2013";"5/3/2018";-2000000;4337000000;4087000000;912300001;0;1;0.719;154000000;869000000;869000000;3321000000;-83000000;1.782;6.972;2058000000;60000000;1998000000;2058000000;145000000;236000000;0;0.0;0.0;103000000;339000000;0.064;339000000;103000000;-74000000;-0.11;-0.11;-0.11;544000000;438000000;544000000;3724536217;36;10.987;6000000;0.008;1;1978000000;0.373;631000000;177000000;3277000000;2985750000;884000000;318000000;228000000;90000000;3793000000;1618000000;2175000000;2735536217;320000000;0;3000000;0;0;13000000;455000000;301000000;-148000000;0;-83000000;-83000000;-83000000;0;0;-0.016;1875000000;103000000;883000000;0.0;5.029;-32.958;-34.364;346000000;0;3.78;0.516;0.538;832000000;-6243000000;5299000000;5299000000;1201000000;-0.02;-0.189;0.034;0.019;91000000;674000000;1;723686830;754000000;754000000;7.028;3706000000;0;9000000;0;4.896;1266000000;"65.78947368";""
"AMD";"MRY";"12/31/2014";"12/27/2014";"12/27/2014";"5/3/2018";-5000000;3767000000;4111500000;911938001;0;1;0.241;-95000000;805000000;805000000;3667000000;-403000000;1.9;19.144;2212000000;177000000;2035000000;2212000000;72000000;203000000;0;0.0;0.0;-221000000;-18000000;-0.003;-18000000;-221000000;-398000000;-0.53;-0.53;-0.53;187000000;433500000;187000000;3622652083;-16;-201.258;-193000000;-0.251;1;1839000000;0.334;385000000;177000000;3349000000;3639250000;685000000;235000000;235000000;0;3580000000;1440000000;2140000000;2054652083;-64000000;0;4000000;40000000;0;46000000;-12000000;83000000;-98000000;0;-403000000;-403000000;-403000000;0;0;-0.073;1994000000;-155000000;633000000;0.0;10.987;-5.098;-5.0;302000000;0;2.65;0.373;0.37;818000000;-6646000000;5506000000;5506000000;1072000000;-0.098;-0.93;-0.061;-0.04;81000000;604000000;1;775340409;768000000;768000000;7.169;3382000000;0;5000000;0;4.353;1296000000;"-29.89417989";""
"AMD";"MRY";"12/31/2015";"12/26/2015";"12/26/2015";"5/3/2018";-8000000;3084000000;3280500000;911500001;0;1;-0.52;-88000000;785000000;785000000;2911000000;-660000000;1.654;-8.485;2237000000;230000000;2007000000;2237000000;53000000;167000000;0;0.0;0.0;-486000000;-319000000;-0.08;-319000000;-486000000;-646000000;-0.84;-0.84;-0.84;-412000000;-218000000;-412000000;3812353158;-7;-11.951;-314000000;-0.401;1;1080000000;0.271;278000000;160000000;2855000000;3091500000;678000000;0;0;0;3496000000;1403000000;2093000000;2307353158;-20000000;0;5000000;56000000;0;59000000;147000000;235000000;-226000000;0;-660000000;-660000000;-660000000;0;0;-0.165;1561000000;-481000000;524000000;0.0;-5.6;-3.496;-3.476;188000000;0;2.92;0.578;0.573;533000000;-7306000000;3991000000;3991000000;947000000;-0.201;3.028;-0.157;-0.122;63000000;482000000;1;790189438;783000000;783000000;5.097;2806000000;0;14000000;0;3.543;917000000;"10.18867925";""
"AMD";"MRY";"12/31/2016";"12/31/2016";"12/31/2016";"5/3/2018";-5000000;3321000000;3308500000;909900001;0;1;0.444;-77000000;1264000000;1264000000;3274000000;-497000000;1.88;6.983;1435000000;0;1435000000;1435000000;63000000;133000000;0;0.0;0.0;-302000000;-169000000;-0.04;-169000000;-302000000;-458000000;-0.6;-0.6;-0.6;416000000;-28750000;416000000;10884691239;-36;-64.406;13000000;0.016;1;998000000;0.234;289000000;156000000;1857000000;2426750000;751000000;59000000;0;59000000;2905000000;1346000000;1559000000;10510691239;479000000;342000000;687000000;-561000000;0;122000000;267000000;0;90000000;0;-497000000;-497000000;-497000000;0;0;-0.116;1370000000;-372000000;823000000;0.0;25.266;-21.148;-18.9;164000000;0;11.34;2.46;2.217;311000000;-7803000000;4272000000;4272000000;1008000000;-0.15;17.287;-0.124;-0.071;86000000;460000000;1;926868716;835000000;835000000;5.116;3032000000;0;39000000;0;3.236;1184000000;"288.3561644";""
"AMD";"MRY";"12/31/2017";"12/30/2017";"12/30/2017";"5/3/2018";6000000;3552000000;3451750000;909252001;0;2;0.616;-113000000;1185000000;1185000000;3506000000;43000000;1.741;4.96;1395000000;70000000;1325000000;1395000000;0;144000000;0;0.0;0.0;188000000;332000000;0.062;332000000;188000000;62000000;0.04;0.04;0.04;596000000;485500000;596000000;10465129638;55;31.521;-45000000;-0.047;1;1823000000;0.342;289000000;126000000;1960000000;2206500000;694000000;58000000;0;58000000;2956000000;1513000000;1443000000;9918129638;-79000000;1000000;20000000;-40000000;0;-33000000;-114000000;0;68000000;0;43000000;43000000;43000000;0;0;0.008;1619000000;204000000;796000000;0.0;16.641;230.654;257.0;261000000;0;10.28;1.861;1.836;454000000;-7775000000;5329000000;5329000000;1160000000;0.012;0.089;0.085;0.035;97000000;511000000;1;964798603;952000000;1039000000;5.598;3263000000;0;19000000;0;3.374;1121000000;"-9.347442681";"224.7818499"
"ARQL";"MRY";"12/31/2011";"12/31/2011";"12/31/2011";"5/7/2018";-6000;117051000;133232000;378899001;0;0;0.554;-594000;11095000;11095000;0;-10762000;1.477;2.937;1700000;1700000;0;1700000;71802000;1172000;0;0.0;0.0;-10737000;-9565000;-0.202;-9565000;-10737000;-10762000;-0.2;-0.2;-0.2;29729000;28320750;29729000;258724084;-24;-27.049;-24332000;-0.461;1;47310000;1.0;0;25000;58767000;40776250;0;97548000;57073000;40475000;87322000;48889000;38433000;303278084;-9362000;0;51222000;0;0;51222000;-36846000;-36252000;-23738000;0;-10762000;-10762000;-10762000;0;0;-0.227;58384000;-11074000;11932000;0.0;10.201;-28.18;-28.2;2939000;0;5.64;6.41;6.292;0;-409480000;47310000;47310000;45011000;-0.081;-0.38;-0.263;-0.227;3830000;13373000;1;53772710;52778000;52778000;0.896;117051000;0;0;0;2.183;23299000;"";""
"ARQL";"MRY";"12/31/2012";"12/31/2012";"12/31/2012";"5/7/2018";102000;134193000;134317000;378100001;0;0;1.3;-117000;14327000;14327000;0;-10872000;2.988;0.656;1700000;1700000;0;1700000;39965000;1064000;0;0.0;0.0;-10846000;-9782000;-0.269;-9782000;-10846000;-10872000;-0.18;-0.18;-0.18;81029000;69555500;81029000;154692245;-14;-15.814;-34321000;-0.574;1;36414000;1.0;0;26000;94919000;76458750;0;116272000;64944000;51328000;53164000;26647000;26517000;173935245;3232000;0;57929000;0;0;57929000;-20493000;-20376000;-34204000;0;-10872000;-10872000;-10872000;0;0;-0.299;47818000;-11404000;10163000;0.0;2.147;-15.998;-15.5;1992000;0;2.79;4.777;4.583;0;-420352000;36414000;36414000;33966000;-0.081;-0.156;-0.142;-0.298;4135000;13852000;1;62342382;59821000;59821000;0.609;134193000;0;0;0;2.153;52968000;"-50.53191489";""
"ARQL";"MRY";"12/31/2013";"12/31/2013";"12/31/2013";"5/7/2018";67000;98179000;110543000;377967001;0;0;0.969;0;15579000;15579000;0;-24600000;3.477;0.619;1700000;1700000;0;1700000;26599000;864000;0;0.0;0.0;-24568000;-23704000;-1.49;-23704000;-24568000;-24600000;-0.39;-0.39;-0.39;60626000;68492750;60626000;119463107;-4;-5.04;-33680000;-0.539;1;15914000;1.0;0;32000;62547000;73382250;0;79507000;59116000;20391000;37553000;21753000;15800000;134812107;1252000;0;289000;0;0;289000;34643000;34643000;-33680000;0;-24600000;-24600000;-24600000;0;0;-1.546;41041000;-25127000;8470000;0.0;2.224;-5.48;-5.513;1128000;0;2.15;8.471;8.441;0;-444952000;15914000;15914000;27555000;-0.223;-0.359;-0.335;-1.544;3943000;12836000;1;62703306;62480000;62480000;0.255;98179000;0;0;0;1.57;53883000;"-22.9390681";""
"ARQL";"MRY";"12/31/2014";"12/31/2014";"12/31/2014";"5/7/2018";-10000;63394000;75816000;377615001;0;0;0.647;500000;12525000;12525000;0;-23391000;3.343;0.564;0;0;0;0;15670000;603000;0;0.0;0.0;-23356000;-22753000;-2.022;-22753000;-23356000;-23391000;-0.37;-0.37;-0.37;40545000;46891500;40545000;62180512;-2;-2.733;-31282000;-0.499;1;11254000;1.0;0;35000;32592000;43044500;0;48741000;46683000;2058000;22849000;18277000;4572000;76579512;-3054000;0;105000;-1700000;0;-1595000;30323000;29823000;-31782000;0;-23391000;-23391000;-23391000;0;0;-2.078;35524000;-24270000;6947000;0.0;1.889;-3.274;-3.297;133000;0;1.22;6.805;6.789;0;-468343000;11254000;11254000;22271000;-0.309;-0.499;-0.543;-2.075;3282000;12154000;1;62770092;62627000;62627000;0.18;63394000;0;0;0;1.012;42824000;"-43.25581395";""
"ARQL";"MRY";"12/31/2015";"12/31/2015";"12/31/2015";"5/7/2018";3000;40004000;47249750;377118001;0;0;0.463;-17000;13983000;13983000;0;-13774000;3.648;0.371;0;0;0;0;4591000;161000;0;0.0;0.0;-13774000;-13613000;-1.211;-13613000;-13774000;-13774000;-0.22;-0.22;-0.22;29179000;32680250;29179000;123344659;-8;-9.061;-22177000;-0.353;1;11239000;1.0;0;0;15196000;17773250;0;24789000;24789000;0;10825000;10825000;0;136474659;1458000;0;134000;0;0;134000;23484000;23501000;-22160000;0;-13774000;-13774000;-13774000;0;0;-1.226;25391000;-14152000;6234000;0.0;4.677;-9.908;-9.864;266000;0;2.17;12.143;12.127;0;-482117000;11239000;11239000;15561000;-0.292;-0.421;-0.775;-1.226;2261000;9830000;1;62891548;62808000;62808000;0.179;40004000;0;0;0;0.635;28661000;"77.86885246";""
"ARQL";"MRY";"12/31/2016";"12/31/2016";"12/31/2016";"5/7/2018";2000;32380000;40971750;377055001;0;0;0.333;-15000;15267000;15267000;0;-22718000;3.672;0.367;0;0;0;0;0;101000;0;0.0;0.0;-22718000;-22617000;-4.803;-22617000;-22718000;-22718000;-0.33;-0.33;-0.33;23680000;32340000;23680000;74611573;-3;-3.299;-22952000;-0.329;1;4709000;1.0;0;0;8413000;15419750;0;15859000;15859000;0;8700000;8700000;0;89609573;1284000;0;15355000;0;0;15355000;8866000;8881000;-22937000;0;-22718000;-22718000;-22718000;0;0;-4.824;27605000;-22896000;8700000;0.0;3.784;-3.944;-3.818;180000;0;1.26;19.029;18.654;0;-504835000;4709000;4709000;20042000;-0.554;-0.702;-1.473;-4.824;1865000;7563000;1;71118709;69714000;69714000;0.068;32380000;0;0;0;0.455;23248000;"-41.93548387";""
"AU";"MRY";"12/31/2011";"12/31/2011";"12/31/2011";"3/29/2018";0;10749000000;10568500000;259344001;0;1;12.911;-440000000;1147000000;1147000000;3893000000;1633000000;2.656;1.13;2488000000;32000000;2456000000;2488000000;0;0;0;0.008;0.346;2324000000;2324000000;0.336;2324000000;2324000000;2324000000;4.11;3.55;4.11;4983000000;4724500000;4983000000;18334113196;7;7.889;2641000000;6.843;1;3032000000;0.438;210000000;0;10939000000;11139000000;1408000000;900000000;0;900000000;5629000000;941000000;4688000000;16182113196;628000000;-142000000;10000000;-159000000;-169000000;-463000000;-1722000000;95000000;3081000000;-102000000;1587000000;1587000000;1587000000;0;46000000;0.229;425000000;2607000000;765000000;0.084;3.247;10.197;10.328;6545000000;0;42.45;2.337;2.366;430000000;-1706000000;6925000000;6925000000;279000000;0.15;0.336;0.209;0.336;0;278000000;1;381204080;385961613;421058243;17.942;10539000000;79000000;737000000;1306000000;27.306;1558000000;"";""
"AU";"MRY";"12/31/2012";"12/31/2012";"12/31/2012";"3/29/2018";0;12739000000;11744000000;259279001;0;1;14.151;-774000000;927000000;927000000;3999000000;915000000;1.334;1.324;3583000000;859000000;2724000000;3583000000;0;0;0;0.018;0.56;1243000000;1243000000;0.187;1243000000;1243000000;1243000000;2.32;1.77;2.32;5473000000;5228000000;5473000000;13348942299;10;10.739;1576000000;4.075;1;2633000000;0.397;315000000;0;13122000000;12030500000;1823000000;1243000000;0;1243000000;7245000000;1958000000;5287000000;11990942299;-215000000;-748000000;2000000;1185000000;-236000000;591000000;-2775000000;48000000;2350000000;-5000000;897000000;897000000;897000000;0;18000000;0.135;1135000000;1498000000;989000000;0.241;2.191;13.368;13.522;7776000000;0;31.37;1.808;1.829;551000000;-1269000000;6632000000;6632000000;395000000;0.076;0.172;0.103;0.187;0;291000000;1;382242343;386766345;422131159;17.147;12424000000;97000000;346000000;1204000000;32.123;654000000;"-23.97111896";""
"AU";"MRY";"12/31/2013";"12/31/2013";"12/31/2013";"3/29/2018";0;9674000000;11206500000;259023001;0;0;8.032;-455000000;694000000;694000000;3853000000;-2200000000;1.796;2.133;3911000000;278000000;3633000000;3911000000;0;0;0;0.009;0.109;-2437000000;-2437000000;-0.453;-2437000000;-2437000000;-2437000000;-5.68;-6.31;-5.68;3079000000;4276000000;3079000000;7174521674;-2;-2.944;852000000;2.223;1;1530000000;0.284;267000000;0;11445000000;12283500000;1639000000;1490000000;1000000;1489000000;6567000000;1179000000;5388000000;4492521674;-234000000;-474000000;0;864000000;-62000000;560000000;-2040000000;86000000;1307000000;-30000000;-2200000000;-2200000000;-2200000000;245000000;0;-0.409;3421000000;-1891000000;824000000;-0.019;1.459;-2.042;-2.063;4815000000;0;11.72;0.835;0.835;398000000;-3927000000;5383000000;5383000000;250000000;-0.196;-0.514;-0.198;-0.453;0;201000000;1;383320962;383320962;0;14.043;9407000000;177000000;-237000000;660000000;24.541;938000000;"-59.42065668";""
"AU";"MRY";"12/31/2014";"12/31/2014";"12/31/2014";"3/29/2018";0;9134000000;9404000000;258624001;0;1;7.066;-113000000;483000000;483000000;3959000000;-39000000;1.676;2.201;3721000000;223000000;3498000000;3721000000;0;0;0;0.0;0.0;186000000;186000000;0.036;186000000;186000000;186000000;-0.14;-0.14;-0.14;2845000000;2962000000;2845000000;6719867132;36;36.128;1230000000;3.055;1;1151000000;0.225;225000000;0;11163000000;11304000000;1524000000;1589000000;0;1589000000;6263000000;984000000;5279000000;3502867132;-144000000;6000000;0;-144000000;0;-421000000;-943000000;73000000;1343000000;-16000000;-39000000;-39000000;-39000000;-16000000;0;-0.008;522000000;629000000;710000000;0.0;1.231;-89.817;-62.143;4863000000;0;8.7;0.685;0.685;298000000;-4196000000;5110000000;5110000000;142000000;-0.004;-0.013;0.016;0.036;0;92000000;1;402628406;402628406;0;12.692;8909000000;127000000;225000000;633000000;22.127;665000000;"-17.15238908";""
"AU";"MRY";"12/31/2015";"12/31/2015";"12/31/2015";"3/29/2018";0;7284000000;8209000000;258345001;0;1;6.015;-99000000;507000000;507000000;3301000000;-70000000;1.909;1.982;2737000000;100000000;2637000000;2737000000;0;0;0;0.0;0.0;141000000;141000000;0.034;141000000;141000000;141000000;-0.2;-0.2;-0.2;2430000000;2637500000;2430000000;6106473556;43;43.308;1151000000;2.849;1;873000000;0.209;161000000;0;8646000000;9904500000;736000000;1594000000;1000000;1593000000;4817000000;707000000;4110000000;2868473556;33000000;804000000;0;-867000000;-5000000;-1186000000;80000000;81000000;1250000000;-17000000;-70000000;-70000000;-70000000;116000000;0;-0.017;377000000;496000000;521000000;0.0;1.18;-40.978;-35.5;4058000000;0;7.1;0.687;0.687;209000000;-4636000000;4174000000;4174000000;132000000;-0.009;-0.027;0.014;0.034;0;78000000;1;404010360;404010360;0;10.331;7123000000;1000000;211000000;605000000;17.631;643000000;"-6.784597701";""
"AU";"MRY";"12/31/2016";"12/31/2016";"12/31/2016";"3/29/2018";0;7153000000;7218500000;257550001;0;1;6.699;-89000000;234000000;234000000;3244000000;80000000;1.534;1.62;2178000000;34000000;2144000000;2178000000;0;0;0;0.0;0.0;269000000;269000000;0.063;269000000;269000000;269000000;0.15;0.15;0.15;2715000000;2572500000;2715000000;6489338460;24;24.124;1213000000;2.993;1;1010000000;0.237;145000000;0;8192000000;8419000000;756000000;1614000000;5000000;1609000000;4399000000;760000000;3639000000;4259338460;-279000000;-5000000;0;-546000000;-15000000;-763000000;-702000000;61000000;1302000000;10000000;80000000;80000000;80000000;0;0;0.019;346000000;664000000;619000000;0.0;1.569;53.242;70.067;4111000000;0;10.51;1.001;1.001;289000000;-4393000000;4254000000;4254000000;133000000;0.011;0.031;0.032;0.063;0;61000000;1;405265315;405265315;0;10.497;7008000000;4000000;189000000;607000000;17.292;406000000;"62.24985915";""
"AU";"MRY";"12/31/2017";"12/31/2017";"12/31/2017";"3/29/2018";0;7219000000;7186000000;257371001;0;1;6.523;-149000000;233000000;233000000;3572000000;-171000000;1.571;1.695;2268000000;38000000;2230000000;2268000000;0;0;0;0.01;0.099;-63000000;-63000000;-0.014;-63000000;-63000000;-63000000;-0.46;-0.46;-0.46;2663000000;2689000000;2663000000;6103800114;-96;-96.886;1002000000;2.455;1;971000000;0.214;138000000;0;8387000000;8289500000;783000000;1682000000;7000000;1675000000;4515000000;729000000;3786000000;4159800114;-13000000;-33000000;0;48000000;-58000000;-148000000;-862000000;78000000;1151000000;3000000;-171000000;-171000000;-171000000;0;0;-0.038;704000000;267000000;641000000;-0.215;1.562;-24.326;-22.152;3742000000;0;10.19;0.916;0.916;289000000;-4471000000;4543000000;4543000000;114000000;-0.024;-0.064;-0.008;-0.014;0;64000000;1;408223760;408223760;0;11.129;7081000000;4000000;108000000;416000000;17.346;416000000;"7.532254995";"-73.37658422"
"BHP";"MRY";"12/31/2011";"6/30/2011";"6/30/2011";"6/12/2018";0;103000000000;95886000000;100746001;0;1;16.902;-11326000000;10084000000;10084000000;0;23946000000;1.281;0.796;16274000000;3807000000;12467000000;16274000000;688000000;5039000000;0;0.019;1.82;31518000000;36557000000;0.51;36557000000;31518000000;30957000000;4.291;4.269;4.291;56762000000;52643500000;56762000000;322000000000;10;8.805;18754000000;5.584;1;71739000000;1.0;1456000000;561000000;87916000000;83562000000;6517000000;1866000000;264000000;1602000000;45165000000;19738000000;25427000000;318000000000;-2402000000;-4807000000;-9828000000;-577000000;-5054000000;-16018000000;-16464000000;-120000000;30080000000;27000000;23648000000;23648000000;23648000000;0;298000000;0.33;40454000000;31285000000;10278000000;0.424;5.599;13.439;22.053;67945000000;0;94.63;4.43;4.43;10290000000;53131000000;71739000000;71739000000;0;0.247;0.449;0.377;0.439;266000000;0;1;3358359496;3358359496;0;21.361;101000000000;4266000000;7309000000;6376000000;30.212;5542000000;"";""
"BHP";"MRY";"12/31/2012";"6/30/2012";"6/30/2012";"6/12/2018";0;129000000000;116000000000;100616946;0;1;20.51;-19340000000;4781000000;4781000000;0;16617000000;0.928;0.944;28847000000;3731000000;25116000000;28847000000;579000000;6431000000;0;0.034;2.2;23456000000;29887000000;0.424;29887000000;23456000000;22788000000;2.907;2.894;2.907;65870000000;61316000000;65870000000;216000000000;9;7.224;5919000000;1.843;1;70477000000;1.0;5112000000;668000000;126000000000;107000000000;6657000000;2163000000;282000000;1881000000;62188000000;22034000000;40154000000;210000000000;-5187000000;-12550000000;-62000000;8644000000;-5877000000;2039000000;-32485000000;-376000000;25259000000;-30000000;15473000000;15473000000;15473000000;0;1144000000;0.22;48644000000;21833000000;12533000000;0.757;3.184;13.554;22.463;95247000000;0;65.3;2.976;2.976;9179000000;62236000000;70477000000;70477000000;0;0.133;0.252;0.219;0.333;270000000;0;1;3211654687;3211654687;0;21.944;124000000000;4662000000;7315000000;8098000000;38.66;-1583000000;"-26.74820881";""
"BHP";"MRY";"12/31/2013";"6/30/2013";"6/30/2013";"6/12/2018";0;139000000000;134000000000;100597001;0;0;22.003;-19125000000;5677000000;5677000000;0;12820000000;0.941;0.904;33979000000;5298000000;28681000000;33979000000;522000000;6067000000;0;0.04;2.28;19068000000;25135000000;0.467;25135000000;19068000000;17919000000;2.109;2.102;2.109;70667000000;68268500000;70667000000;209000000000;11;8.325;1029000000;0.32;1;53860000000;1.0;5496000000;1149000000;142000000000;134000000000;6440000000;5555000000;161000000;5394000000;63887000000;20139000000;43748000000;185000000000;1230000000;502000000;12000000;7241000000;-6167000000;-198000000;-18726000000;1382000000;20154000000;-17000000;11223000000;11223000000;11223000000;1312000000;1597000000;0.208;36829000000;17031000000;11146000000;1.081;2.621;16.501;27.34;101000000000;0;57.66;3.438;3.438;8308000000;66982000000;53860000000;53860000000;0;0.084;0.164;0.142;0.354;210000000;0;1;3211691105;3211691105;0;16.77;134000000000;6336000000;6696000000;7470000000;41.624;-1186000000;"-2.014441041";""
"BHP";"MRY";"12/31/2014";"6/30/2014";"6/30/2014";"6/12/2018";0;151000000000;145000000000;100560001;0;0;24.642;-15512000000;8803000000;8803000000;0;15224000000;1.234;0.834;34908000000;4278000000;30630000000;34908000000;485000000;7716000000;0;0.034;2.36;21526000000;29242000000;0.515;29242000000;21526000000;20612000000;2.6;2.591;2.6;79143000000;74905000000;79143000000;250000000000;12;8.541;9852000000;3.068;1;56762000000;1.0;5439000000;914000000;154000000000;148000000000;6476000000;6100000000;87000000;6013000000;66031000000;18064000000;47967000000;220000000000;3062000000;812000000;14000000;-1011000000;-6387000000;-6468000000;-15834000000;-29000000;25364000000;23000000;13832000000;13832000000;13832000000;-269000000;1392000000;0.244;36523000000;20239000000;10258000000;0.908;2.778;15.894;26.327;109000000000;0;68.45;3.873;3.873;8608000000;74548000000;56762000000;56762000000;0;0.095;0.185;0.146;0.379;0;0;1;3211691105;3211691105;0;17.674;146000000000;6714000000;6780000000;7985000000;45.451;4232000000;"33.71812348";""
"BHP";"MRY";"12/31/2015";"6/30/2015";"6/30/2015";"6/12/2018";0;125000000000;138000000000;100438001;0;0;20.166;-12093000000;6753000000;6753000000;0;2878000000;1.274;0.834;32452000000;3452000000;29000000000;32452000000;434000000;9158000000;0;0.061;2.48;6190000000;15348000000;0.344;15348000000;6190000000;5576000000;0.359;0.358;0.359;64768000000;71955500000;64768000000;157000000000;25;10.22;7203000000;2.243;1;44636000000;1.0;4292000000;614000000;133000000000;144000000000;4758000000;4954000000;83000000;4871000000;54035000000;12853000000;41182000000;131000000000;-1548000000;-916000000;9000000;-728000000;-6498000000;-8276000000;-13154000000;117000000;19296000000;-5000000;1910000000;1910000000;1910000000;1512000000;968000000;0.043;37010000000;7626000000;7418000000;6.908;2.019;68.454;113.398;94072000000;0;40.71;2.929;2.929;5820000000;60044000000;44636000000;44636000000;0;0.014;0.027;0.043;0.139;0;0;1;3211691105;3211691105;0;13.898;120000000000;3519000000;3666000000;4749000000;37.453;3516000000;"-24.25831994";""
"BHP";"MRY";"12/31/2016";"6/30/2016";"6/30/2016";"6/12/2018";0;119000000000;122000000000;100231001;0;0;16.904;-7281000000;10319000000;10319000000;0;-6207000000;1.435;1.085;38204000000;4658000000;33546000000;38204000000;355000000;8661000000;0;0.055;1.56;-6413000000;2248000000;0.073;2248000000;-6413000000;-7437000000;-1.2;-1.2;-1.2;54290000000;59529000000;54290000000;117000000000;-18;52.235;3344000000;1.041;1;30912000000;1.0;4119000000;1024000000;130000000000;132000000000;4175000000;5376000000;121000000;5255000000;58882000000;12340000000;46542000000;91725897959;3664000000;166000000;0;4607000000;-4130000000;284000000;-7245000000;40000000;10625000000;-1000000;-6385000000;-6385000000;-6385000000;0;178000000;-0.207;35487000000;-4575000000;5402000000;-1.3;1.69;-14.366;-23.8;83975000000;0;28.56;2.967;2.967;4022000000;49542000000;30912000000;30912000000;0;-0.052;-0.107;-0.049;-0.207;0;0;1;3211691105;3211691105;0;9.625;115000000000;6714000000;-1052000000;4775000000;35.755;5374000000;"1.365708671";""
"BHP";"MRY";"12/31/2017";"6/30/2017";"6/30/2017";"6/12/2018";0;117000000000;118000000000;100112001;0;0;17.828;-4608000000;14153000000;14153000000;0;6222000000;1.853;0.948;31974000000;1635000000;30339000000;31974000000;462000000;7719000000;0;0.03;1.08;11421000000;19140000000;0.5;19140000000;11421000000;9990000000;1.107;1.104;1.107;57258000000;55774000000;57258000000;142000000000;12;7.429;12196000000;3.797;1;38285000000;1.0;3968000000;1431000000;119000000000;125000000000;4768000000;3801000000;72000000;3729000000;54280000000;11366000000;42914000000;114000000000;3510000000;186000000;0;-5507000000;-2921000000;-9133000000;-4161000000;-234000000;16804000000;322000000;5890000000;5890000000;5890000000;0;332000000;0.154;27540000000;10745000000;5556000000;0.976;1.996;19.406;32.15;80497000000;0;35.59;2.986;2.986;3639000000;52618000000;38285000000;38285000000;0;0.05;0.106;0.091;0.298;0;0;1;3211691105;3211691105;0;11.921;113000000000;5983000000;4100000000;5884000000;35.196;9690000000;"72.84201681";"-47.83506288"
"BLIN";"MRY";"12/31/2011";"9/30/2011";"9/30/2011";"5/15/2018";-117000;31409000;31433000;74744001;0;1;43.084;-677000;2528000;2528000;12995000;-782000;1.257;0.481;5198000;1966000;3232000;5198000;1169000;1718000;0;0.0;0.0;-547000;1171000;0.045;1171000;-547000;-758000;-1.5;-1.5;-1.5;21208000;21299250;21208000;9059902;-16;7.737;146000;0.299;1;13272000;0.505;21649000;211000;6628000;6697250;0;0;0;0;10201000;5802000;4399000;6546902;-517000;-696000;979000;-945000;0;34000;-1373000;0;823000;-1000;-782000;-782000;-782000;0;0;-0.03;13819000;-547000;1291000;0.0;0.309;-8.372;-8.867;1779000;0;13.3;0.249;0.247;4274000;-16770000;26267000;26267000;1866000;-0.025;-0.037;-0.082;-0.021;356000;10613000;1;492248;487510;487510;53.88;9760000;0;24000;0;19.827;1494000;"";""
"BLIN";"MRY";"12/31/2012";"9/30/2012";"9/30/2012";"5/15/2018";-176000;33690000;32866500;74741001;0;1;39.045;-1489000;2126000;2126000;11771000;-946000;1.225;0.467;4769000;1654000;3115000;4769000;1042000;1899000;0;0.0;0.0;-602000;1297000;0.049;1297000;-602000;-878000;-1.75;-1.75;-1.75;22970000;21921500;22970000;21306245;-35;16.427;-1210000;-2.312;1;14525000;0.552;23072000;276000;7752000;8091750;0;0;0;0;10720000;5509000;5211000;18244245;-402000;-472000;2347000;-1008000;0;1339000;-1961000;0;279000;-59000;-946000;-946000;-946000;0;0;-0.036;15127000;-602000;1132000;0.0;0.794;-19.286;-17.143;2735000;0;30.0;0.694;0.597;3977000;-17716000;26296000;26296000;1456000;-0.029;-0.043;-0.074;-0.023;386000;11661000;1;608141;523363;523363;50.244;10618000;0;68000;0;18.049;1242000;"125.5639098";""
"BLIN";"MRY";"12/31/2013";"9/30/2013";"9/30/2013";"5/15/2018";-162000;36977000;34836250;74629001;0;1;32.449;-1359000;2830000;2830000;11538000;-3598000;1.009;0.626;6831000;1562000;5269000;6831000;1960000;2004000;0;0.0;0.0;-3154000;-1150000;-0.047;-1150000;-3154000;-3427000;-5.75;-5.75;-5.75;22748000;22401250;22748000;22801509;-7;-19.827;-1436000;-2.307;1;12968000;0.529;25294000;273000;8762000;7480250;0;0;0;0;14229000;6922000;7307000;19439509;704000;-895000;2280000;741000;0;3021000;-2254000;0;-77000;14000;-3598000;-3598000;-3598000;0;0;-0.147;16122000;-3154000;1746000;0.0;0.855;-5.403;-4.783;3065000;0;27.5;0.793;0.698;3194000;-21314000;24506000;24506000;1365000;-0.103;-0.161;-0.422;-0.129;437000;13067000;1;706891;622329;622329;39.378;11683000;0;171000;0;16.666;65000;"-8.333333333";""
"BLIN";"MRY";"12/31/2014";"9/30/2014";"9/30/2014";"5/15/2018";-333000;33560000;35237500;74557001;0;1;22.991;-468000;1256000;1256000;12205000;-6215000;0.905;0.684;7531000;1349000;6182000;7531000;1990000;2486000;0;0.0;0.0;-5233000;-2747000;-0.116;-2747000;-5233000;-5972000;-7.9;-7.9;-7.9;19933000;21610750;19933000;19296637;-3;-7.025;-4316000;-5.48;1;11532000;0.486;24723000;739000;9203000;9691750;0;0;0;0;13627000;5909000;7718000;14233637;-1574000;0;2993000;564000;0;2913000;-468000;0;-3848000;-171000;-6215000;-6215000;-6215000;0;0;-0.262;16765000;-5233000;1126000;0.0;0.714;-2.29;-2.057;2175000;0;16.25;0.6;0.539;3342000;-27529000;23737000;23737000;2386000;-0.176;-0.288;-0.54;-0.22;506000;12380000;1;875916;787597;787597;30.139;8837000;0;243000;0;10.193;-564000;"-40.90909091";""
"BLIN";"MRY";"12/31/2015";"9/30/2015";"9/30/2015";"5/15/2018";-356000;19187000;29157000;74421001;0;1;6.389;-187000;337000;337000;11039000;-16768000;0.683;2.383;8107000;412000;7695000;8107000;1542000;2319000;0;0.0;0.0;-16102000;-13783000;-0.717;-13783000;-16102000;-16994000;-19.4;-19.4;-19.4;5672000;14945250;5672000;13216484;0;-0.959;-2950000;-3.39;1;8185000;0.426;13669000;892000;8194000;8833000;0;0;0;0;13515000;5094000;8421000;5418484;-919000;0;203000;523000;0;2055000;-187000;0;-2763000;-24000;-16768000;-16882000;-16882000;0;0;-0.878;24287000;-16102000;1626000;0.0;0.955;-0.321;-0.314;1315000;114000;6.1;0.282;0.276;2463000;-44411000;19224000;19224000;1901000;-0.579;-1.13;-1.823;-0.838;314000;9695000;1;888276;870125;870125;22.093;5518000;0;-226000;0;6.215;-1614000;"-62.46153846";""
"BLIN";"MRY";"12/31/2016";"9/30/2016";"9/30/2016";"5/15/2018";-353000;17728000;17938250;74329001;0;1;6.076;-165000;661000;661000;7282000;-7824000;0.968;0.541;2160000;45000;2115000;2160000;1360000;1717000;0;0.0;0.0;-6957000;-5240000;-0.33;-5240000;-6957000;-7871000;-4.2;-4.2;-4.2;11502000;7226000;11502000;18809034;-2;-3.59;-2847000;-1.504;1;8613000;0.542;13189000;914000;2327000;4213250;0;0;0;0;6226000;3711000;2515000;14743034;324000;0;3715000;-154000;0;3168000;-165000;0;-2682000;3000;-7824000;-7955000;-7955000;0;0;-0.5;12156000;-3543000;1285000;0.0;1.282;-1.853;-0.94;512000;131000;3.95;0.928;0.47;2549000;-52366000;15895000;15895000;1578000;-0.443;-1.101;-1.651;-0.438;320000;8390000;1;3732413;1893003;1893003;8.397;4539000;0;-47000;0;2.398;-120000;"-35.24590164";""
"BLIN";"MRY";"12/31/2017";"9/30/2017";"9/30/2017";"5/15/2018";-350000;17573000;17869500;74236001;0;1;2.684;-93000;748000;748000;7160000;-1602000;1.138;0.559;2500000;0;2500000;2500000;1466000;641000;0;0.0;0.0;-1385000;-744000;-0.046;-744000;-1385000;-1586000;-0.45;-0.45;-0.45;11274000;11623250;11274000;13656433;-9;-18.355;-1033000;-0.249;1;9133000;0.561;12904000;201000;2794000;2591750;0;0;0;0;6299000;3627000;2672000;12056433;87000;0;852000;340000;0;1117000;-93000;0;-940000;3000;-1602000;-1883000;-1883000;0;0;-0.116;10518000;-1385000;1241000;0.0;1.069;-6.403;-6.378;209000;281000;2.87;0.74;0.731;3026000;-54249000;16293000;16293000;1587000;-0.105;-0.162;-0.534;-0.085;559000;8063000;1;4200848;4147140;4147140;3.929;4669000;0;16000;0;1.112;499000;"-27.34177215";"-78.42105263"
"BOSC";"MRY";"12/31/2011";"12/31/2011";"12/31/2011";"3/29/2018";-243000;20069000;21182000;53519001;0;2;5.229;-357000;411000;411000;26924000;-3214000;0.975;4.578;9026000;7496000;1530000;9026000;550000;656000;0;0.0;0.0;-1145000;-489000;-0.015;-489000;-1145000;-3386000;-4.56;-4.56;-4.56;3598000;3655500;3598000;12680969;-11;-25.932;-722000;-1.049;1;6510000;0.195;4662000;2241000;9991000;10878000;4020000;495000;0;495000;16471000;14031000;2440000;2751969;-292000;-256000;0;1113000;0;1113000;-1040000;-427000;-365000;0;-3214000;-3214000;-3214000;0;0;-0.096;7483000;-973000;4165000;0.0;0.765;-0.856;-0.877;1166000;0;3.999;0.082;0.082;9251000;-70317000;33434000;33434000;403000;-0.152;-0.879;-0.105;-0.034;169000;6525000;1;688130;688129;0;48.587;15407000;0;-172000;0;22.39;-349000;"";""
"BOSC";"MRY";"12/31/2012";"12/31/2012";"12/31/2012";"3/29/2018";-243000;18049000;19059000;53470001;0;1;2.825;-56000;354000;354000;19435000;-549000;0.943;4.719;7571000;6383000;1188000;7571000;467000;363000;0;0.0;0.0;45000;408000;0.017;408000;45000;-736000;-0.49;-0.49;-0.49;3156000;3377000;3156000;13652584;303;33.462;1653000;1.48;1;5068000;0.207;4479000;781000;7911000;8951000;3160000;438000;0;438000;14893000;12876000;2017000;5037584;-57000;-255000;0;-1455000;0;-1455000;-311000;0;1709000;0;-549000;-549000;-549000;0;0;-0.022;4876000;192000;4915000;0.0;1.596;-9.176;-9.204;963000;0;4.51;0.206;0.206;8623000;-70866000;24503000;24503000;0;-0.029;-0.163;0.005;0.002;107000;4876000;1;1116981;1116981;0;21.937;13570000;0;-187000;0;12.149;-739000;"12.77819455";""
"BOSC";"MRY";"12/31/2013";"12/31/2013";"12/31/2013";"3/29/2018";-243000;19187000;18618000;53464001;0;1;3.269;224000;1005000;1005000;20872000;0;0.971;4.181;7498000;6352000;1146000;7498000;665000;352000;0;0.0;0.0;584000;936000;0.036;936000;584000;13000;0.0;0.0;0.0;3703000;3429500;3703000;15995308;27;17.089;1272000;1.123;1;5031000;0.194;4298000;571000;7294000;7602500;3718000;486000;0;486000;15484000;14088000;1396000;8778308;651000;0;336000;-866000;0;-607000;210000;-14000;1048000;0;0;0;0;0;0;0.0;4447000;584000;6232000;0.0;2.371;0.0;0.0;689000;0;7.75;0.339;0.339;8956000;-70866000;25903000;25903000;0;0.0;0.0;0.077;0.023;211000;4447000;1;1132685;1132685;0;22.869;14889000;0;13000;0;13.145;-409000;"71.84035477";""
"BOSC";"MRY";"12/31/2014";"12/31/2014";"12/31/2014";"3/29/2018";-243000;16261000;17724000;53429001;0;2;3.656;-32000;1522000;1522000;22556000;-433000;1.06;2.07;5057000;4867000;190000;5057000;621000;269000;0;0.0;0.0;120000;389000;0.014;389000;120000;-325000;-0.3;-0.3;-0.3;5297000;4500000;5297000;9676054;80;24.874;1052000;0.726;1;5045000;0.183;4192000;445000;5023000;6158500;2843000;216000;216000;0;10964000;10581000;383000;3976054;517000;0;1725000;-2081000;0;-486000;-81000;-49000;1084000;0;-433000;-433000;-433000;0;0;-0.016;4925000;120000;4468000;0.0;0.751;-9.183;-10.533;556000;0;3.16;0.144;0.166;6634000;-71299000;27601000;27601000;0;-0.024;-0.096;0.019;0.004;302000;4925000;1;1258245;1449000;1449000;19.048;12069000;0;108000;0;8.329;634000;"-59.22580645";""
"BOSC";"MRY";"12/31/2015";"12/31/2015";"12/31/2015";"3/29/2018";-259000;16825000;16543000;53423001;0;2;3.302;-66000;1419000;1419000;20462000;334000;1.787;1.586;3858000;400000;3458000;3858000;796000;205000;0;0.0;0.0;688000;893000;0.035;893000;688000;312000;0.17;0.17;0.17;6505000;5901000;6505000;7050249;10;7.895;304000;0.154;1;5137000;0.201;4129000;376000;8468000;6745500;2503000;195000;195000;0;10320000;6667000;3653000;3515249;-103000;-256000;760000;-1127000;0;-426000;-47000;275000;370000;0;334000;334000;334000;0;0;0.013;4449000;688000;4671000;0.0;0.54;10.525;11.471;480000;0;1.95;0.137;0.15;7796000;-70965000;25599000;25599000;0;0.02;0.057;0.102;0.027;130000;4449000;1;1802692;1970000;1970000;12.994;12696000;0;-22000;0;6.445;5246000;"-38.29113924";""
"BOSC";"MRY";"12/31/2016";"12/31/2016";"12/31/2016";"3/29/2018";-275000;18144000;17484500;53301001;0;2;3.318;-124000;1286000;1286000;22112000;360000;1.922;1.114;3134000;400000;2734000;3134000;680000;248000;0;0.0;0.0;706000;954000;0.035;954000;706000;367000;0.14;0.14;0.14;8584000;7544500;8584000;7086608;10;7.428;-485000;-0.187;1;5315000;0.194;4871000;339000;8504000;8486000;2314000;196000;196000;0;9560000;6617000;2943000;4647608;-133000;-154000;1290000;-794000;0;496000;-268000;10000;-361000;0;360000;360000;360000;0;0;0.013;4609000;706000;4601000;0.0;0.541;12.91;15.143;514000;0;2.12;0.169;0.2;8920000;-70605000;27427000;27427000;0;0.021;0.048;0.083;0.026;124000;4609000;1;2192268;2587000;2593000;10.602;13273000;0;7000;0;5.131;6099000;"8.717948718";""
"BOSC";"MRY";"12/31/2017";"12/31/2017";"12/31/2017";"3/29/2018";-220000;21407000;19775500;53240001;0;1;3.222;-315000;1533000;1533000;22587000;773000;1.876;1.095;3028000;505000;2523000;3028000;798000;245000;0;0.0;0.0;1086000;1331000;0.046;1331000;1086000;789000;0.24;0.24;0.24;10218000;9401000;10218000;8275982;7;6.218;40000;0.013;1;6345000;0.219;4814000;297000;9708000;9106000;3240000;247000;247000;0;11189000;8380000;2809000;6427982;247000;0;606000;-370000;0;236000;-344000;-29000;355000;0;773000;773000;773000;0;0;0.027;5259000;1086000;5951000;0.0;0.629;8.316;9.125;651000;0;2.19;0.222;0.24;10702000;-69832000;28932000;28932000;0;0.039;0.082;0.119;0.038;60000;5259000;1;2935286;3171000;3171000;9.124;16593000;0;16000;0;5.233;7342000;"3.301886792";"-45.23630908"
"BP";"MRY";"12/31/2011";"12/31/2011";"12/31/2011";"6/12/2018";0;293000000000;283000000000;51891220;0;1;5.936;-14474000000;14177000000;14177000000;318000000000;25609000000;1.076;1.616;44208000000;9039000000;35169000000;44208000000;0;11357000000;0;0.039;1.68;39018000000;50375000000;0.13;50375000000;39018000000;37831000000;8.001;7.904;8.001;112000000000;103000000000;112000000000;161000000000;4;3.19;7744000000;0.412;1;68640000000;0.178;0;1187000000;239000000000;228000000000;26073000000;1356000000;532000000;824000000;180000000000;83456000000;96866000000;134000000000;-4551000000;-12482000000;74000000;4720000000;-4072000000;477000000;-26753000000;203000000;22218000000;-493000000;25212000000;25212000000;25212000000;0;397000000;0.065;28893000000;39747000000;55214000000;0.21;1.2;5.311;5.342;182000000000;0;42.74;0.347;2.08;49327000000;0;386000000000;386000000000;1520000000;0.089;0.244;0.171;0.101;-88000000;13958000000;0;18796461292;18796461292;0;20.547;293000000000;846000000;12619000000;17163000000;15.583;6322000000;"";""
"BP";"MRY";"12/31/2012";"12/31/2012";"12/31/2012";"6/12/2018";0;300000000000;297000000000;51845001;0;1;6.247;-13230000000;19635000000;19635000000;335000000000;11251000000;1.206;1.524;48800000000;10033000000;38767000000;48800000000;0;12687000000;0;0.048;1.98;18969000000;31656000000;0.082;31656000000;18969000000;17897000000;3.473;3.45;3.473;119000000000;115000000000;119000000000;162000000000;9;5.113;7249000000;0.382;1;53216000000;0.137;0;1072000000;253000000000;246000000000;28203000000;1208000000;566000000;642000000;181000000000;76329000000;104000000000;132000000000;5458000000;-90000000;122000000;3244000000;-5294000000;-2010000000;-13075000000;245000000;20479000000;64000000;11017000000;11017000000;11017000000;0;234000000;0.028;33794000000;19422000000;48965000000;0.57;1.111;11.954;11.99;176000000000;0;41.64;0.339;2.036;43572000000;0;388000000000;388000000000;1475000000;0.037;0.096;0.077;0.049;156000000;13357000000;0;18975902659;18975902659;0;20.451;300000000000;1330000000;6880000000;17746000000;15.834;15740000000;"6.00276088";""
"BP";"MRY";"12/31/2013";"12/31/2013";"12/31/2013";"6/12/2018";0;306000000000;303000000000;51840001;0;1;6.757;-6405000000;22520000000;22520000000;333000000000;23758000000;1.33;1.356;48192000000;7381000000;40811000000;48192000000;0;13510000000;0;0.045;2.19;30982000000;44492000000;0.112;44492000000;30982000000;29914000000;7.432;7.387;7.432;129000000000;124000000000;129000000000;184000000000;6;4.142;14695000000;0.768;1;63292000000;0.16;0;1068000000;259000000000;256000000000;29231000000;1446000000;683000000;763000000;175000000000;72812000000;102000000000;155000000000;2885000000;-1628000000;-5358000000;836000000;-5441000000;-10400000000;-7855000000;178000000;21100000000;40000000;23451000000;23451000000;23451000000;0;307000000;0.059;31523000000;31769000000;51915000000;0.295;1.199;6.611;6.541;195000000000;0;48.61;0.391;2.348;45816000000;0;396000000000;396000000000;3441000000;0.077;0.189;0.121;0.078;297000000;12611000000;0;19135751315;19135751315;0;20.706;306000000000;1497000000;6463000000;19384000000;15.975;24028000000;"30.79498079";""
"BP";"MRY";"12/31/2014";"12/31/2014";"12/31/2014";"6/12/2018";0;284000000000;295000000000;51839328;0;1;5.456;-20726000000;29763000000;29763000000;312000000000;4003000000;1.372;1.54;52854000000;6877000000;45977000000;52854000000;0;15163000000;0;0.061;2.34;5875000000;21038000000;0.059;21038000000;5875000000;4727000000;1.233;1.225;1.233;111000000000;120000000000;111000000000;155000000000;26;7.389;12028000000;0.589;1;46438000000;0.129;0;1148000000;244000000000;251000000000;18373000000;1321000000;662000000;659000000;172000000000;63615000000;108000000000;130000000000;7243000000;1025000000;-4589000000;5419000000;-5850000000;-5266000000;-19574000000;127000000;32754000000;-671000000;3780000000;3780000000;3780000000;0;223000000;0.011;40026000000;6412000000;43705000000;1.898;1.165;34.333;30.916;184000000000;0;38.12;0.362;2.171;35825000000;0;359000000000;359000000000;3632000000;0.013;0.031;0.023;0.016;379000000;12266000000;0;20426632529;20426632529;0;17.559;284000000000;3146000000;947000000;15904000000;13.918;23647000000;"-4.755502983";""
"BP";"MRY";"12/31/2015";"12/31/2015";"12/31/2015";"6/12/2018";0;262000000000;273000000000;51808001;0;1;4.859;-19136000000;26389000000;26389000000;203000000000;-6400000000;1.282;1.681;53168000000;6944000000;46224000000;53168000000;0;15219000000;0;0.077;2.4;-8306000000;6913000000;0.031;6913000000;-8306000000;-9653000000;-2.123;-2.123;-2.123;97216000000;104000000000;97216000000;127000000000;-15;18.418;-3000000;0.0;1;23116000000;0.102;0;1347000000;234000000000;239000000000;14142000000;1020000000;491000000;529000000;163000000000;54627000000;109000000000;104000000000;-3374000000;172000000;0;2220000000;-6659000000;-4535000000;-17300000000;110000000;19133000000;-672000000;-6482000000;-6482000000;-6482000000;0;82000000;-0.029;31034000000;-7918000000;34859000000;-1.13;1.072;-16.08;-14.724;179000000000;0;31.26;0.461;2.767;24539000000;0;226000000000;226000000000;2353000000;-0.024;-0.062;-0.035;-0.037;321000000;11553000000;0;20005961293;20005961293;0;11.296;262000000000;2144000000;-3171000000;10679000000;13.088;15397000000;"9.772743966";""
"BP";"MRY";"12/31/2016";"12/31/2016";"12/31/2016";"6/12/2018";0;263000000000;263000000000;51707001;0;1;4.739;-16080000000;23484000000;23484000000;162000000000;172000000;1.162;1.747;58300000000;6634000000;51666000000;58300000000;0;14505000000;0;0.064;2.4;-677000000;13828000000;0.074;13828000000;-677000000;-2352000000;0.037;0.036;0.037;95286000000;96251000000;95286000000;152000000000;-225;10.996;-5389000000;-0.268;1;24627000000;0.132;0;1675000000;240000000000;237000000000;17655000000;835000000;303000000;532000000;166000000000;58354000000;108000000000;125000000000;-2905000000;508000000;0;5808000000;-4611000000;1977000000;-14753000000;68000000;10691000000;-820000000;115000000;115000000;115000000;0;57000000;0.001;25057000000;-430000000;51861000000;64.865;1.315;1089.393;1010.27;183000000000;0;37.38;0.671;4.028;22149000000;0;187000000000;187000000000;1721000000;0.0;0.001;-0.003;-0.004;779000000;10495000000;0;20108770973;20108770973;0;9.28;263000000000;5935000000;-2467000000;8904000000;13.095;9459000000;"61.09305822";""
"BP";"MRY";"12/31/2017";"12/31/2017";"12/31/2017";"6/12/2018";0;277000000000;270000000000;51518001;0;1;4.679;-14904000000;25586000000;25586000000;206000000000;3468000000;1.158;1.788;63230000000;7739000000;55491000000;63230000000;0;15584000000;0;0.057;2.39;9175000000;24759000000;0.101;24759000000;9175000000;7101000000;1.032;1.026;1.032;98491000000;96888500000;98491000000;182000000000;20;7.362;4027000000;0.191;1;38862000000;0.159;0;2074000000;249000000000;245000000000;19011000000;961000000;315000000;646000000;176000000000;64726000000;111000000000;147000000000;2102000000;-800000000;-343000000;2278000000;-6153000000;-3296000000;-14077000000;349000000;18931000000;544000000;3389000000;3389000000;3389000000;0;79000000;0.014;29388000000;9474000000;58098000000;2.316;1.497;43.51;40.727;186000000000;0;42.03;0.603;3.617;26283000000;0;245000000000;245000000000;2080000000;0.013;0.035;0.038;0.038;661000000;10508000000;0;21049696078;21049696078;0;11.619;277000000000;5230000000;3712000000;9668000000;13.136;10242000000;"53.56714821";"34.30837623"
"CVX";"MRY";"12/31/2011";"12/31/2011";"12/31/2011";"5/3/2018";-6022000000;209000000000;203000000000;0;0;1;60.951;-26500000000;19822000000;19822000000;187000000000;27008000000;1.584;0.719;10152000000;340000000;9812000000;10152000000;0;12911000000;0;0.029;3.09;47521000000;60432000000;0.238;60432000000;47521000000;47521000000;13.54;13.44;13.54;121000000000;117000000000;121000000000;202000000000;4;3.335;14595000000;7.329;1;66506000000;0.262;4642000000;0;162000000000;156000000000;5543000000;23117000000;249000000;22868000000;87293000000;33600000000;53693000000;212000000000;1804000000;444000000;-3193000000;-2369000000;-6136000000;-11769000000;-27489000000;-1433000000;41095000000;-33000000;26895000000;26895000000;26895000000;0;113000000;0.106;18872000000;47634000000;22147000000;0.228;1.746;7.879;7.858;123000000000;0;106.4;0.835;0.835;24026000000;140000000000;254000000000;254000000000;1216000000;0.133;0.23;0.304;0.187;0;4745000000;1;1991484388;1991484388;0;127.395;205000000000;0;20626000000;21370000000;102.854;19634000000;"";""
"CVX";"MRY";"12/31/2012";"12/31/2012";"12/31/2012";"5/3/2018";-6369000000;233000000000;224000000000;0;0;1;69.755;-30938000000;21647000000;21647000000;176000000000;26336000000;1.629;0.697;12192000000;127000000;12065000000;12192000000;0;13413000000;0;0.032;3.51;46175000000;59588000000;0.246;59588000000;46175000000;46175000000;13.42;13.32;13.42;137000000000;131000000000;137000000000;203000000000;4;3.401;7874000000;4.023;1;66197000000;0.274;4640000000;0;185000000000;175000000000;6144000000;23984000000;266000000;23718000000;95150000000;34212000000;60938000000;212000000000;5075000000;3105000000;-4142000000;2047000000;-6844000000;-8980000000;-24796000000;3037000000;38812000000;39000000;26179000000;26179000000;26179000000;0;157000000;0.108;19865000000;46332000000;22776000000;0.262;1.55;8.085;8.058;141000000000;0;108.14;0.875;0.875;24050000000;160000000000;242000000000;242000000000;1728000000;0.117;0.199;0.264;0.191;0;4724000000;1;1957181104;1957181104;0;123.601;228000000000;0;19996000000;23243000000;116.669;21508000000;"7.787669173";""
"CVX";"MRY";"12/31/2013";"12/31/2013";"12/31/2013";"5/3/2018";-3579000000;254000000000;246000000000;0;0;1;77.535;-37985000000;16253000000;16253000000;172000000000;21597000000;1.522;0.693;20431000000;374000000;20057000000;20431000000;0;14186000000;0;0.031;3.9;35731000000;49917000000;0.218;49917000000;35731000000;35731000000;11.18;11.09;11.18;149000000000;144000000000;149000000000;240000000000;6;4.818;-2983000000;-1.551;1;56462000000;0.247;4639000000;0;220000000000;207000000000;6380000000;25765000000;263000000;25502000000;103000000000;33018000000;70308000000;240000000000;-4694000000;1457000000;-4494000000;8246000000;-7474000000;-3821000000;-35609000000;919000000;35002000000;-266000000;21423000000;21423000000;21423000000;0;174000000;0.094;20557000000;35905000000;22815000000;0.349;1.611;11.213;11.173;165000000000;0;124.91;1.05;1.05;24455000000;174000000000;229000000000;229000000000;1861000000;0.087;0.149;0.173;0.156;0;4510000000;1;1923173013;1923173013;0;118.995;249000000000;0;14308000000;25728000000;129.533;17232000000;"25.14175143";""
"CVX";"MRY";"12/31/2014";"12/31/2014";"12/31/2014";"5/3/2018";-4859000000;266000000000;263000000000;0;0;1;82.007;-35407000000;12793000000;12793000000;157000000000;19310000000;1.323;0.708;27818000000;3790000000;24028000000;27818000000;0;16793000000;0;0.038;4.21;31133000000;47926000000;0.226;47926000000;31133000000;31133000000;10.21;10.14;10.21;155000000000;154000000000;155000000000;224000000000;7;4.665;-3932000000;-2.08;1;54474000000;0.257;4593000000;0;245000000000;234000000000;6505000000;27334000000;422000000;26912000000;110000000000;31926000000;77909000000;212000000000;-3460000000;5869000000;-4412000000;7388000000;-7928000000;-4999000000;-29893000000;-355000000;31475000000;-43000000;19241000000;19241000000;19241000000;0;69000000;0.091;23272000000;31202000000;19000000000;0.412;1.368;11.022;10.987;183000000000;0;112.18;1.0;1.0;19553000000;185000000000;212000000000;212000000000;1985000000;0.073;0.125;0.133;0.147;0;4494000000;1;1890424385;1890424385;0;112.128;261000000000;0;11892000000;25728000000;138.293;10306000000;"1.562028661";""
"CVX";"MRY";"12/31/2015";"12/31/2015";"12/31/2015";"5/3/2018";-4291000000;265000000000;267000000000;0;0;1;81.144;-29504000000;11022000000;11022000000;105000000000;4710000000;1.352;0.725;38549000000;4927000000;33622000000;38549000000;0;21037000000;0;0.048;4.28;4719000000;25756000000;0.186;25756000000;4719000000;4719000000;2.46;2.45;2.46;153000000000;155000000000;153000000000;192000000000;40;7.464;-10048000000;-5.339;1;33662000000;0.243;4588000000;0;262000000000;257000000000;6334000000;27420000000;310000000;27110000000;111000000000;25467000000;85187000000;169000000000;-1763000000;5522000000;211000000;10724000000;-7992000000;2815000000;-23808000000;174000000;19456000000;-226000000;4587000000;4587000000;4587000000;0;123000000;0.033;28820000000;4842000000;13516000000;1.74;1.109;36.91;36.569;188000000000;0;89.96;1.223;1.223;15272000000;182000000000;138000000000;138000000000;3340000000;0.017;0.03;0.018;0.034;0;4443000000;1;1882036704;1882036704;0;73.578;260000000000;0;132000000;22356000000;138.123;8963000000;"-2.871091104";""
"CVX";"MRY";"12/31/2016";"12/31/2016";"12/31/2016";"5/3/2018";-3843000000;260000000000;261000000000;0;0;0;77.105;-18109000000;6988000000;6988000000;91257000000;-431000000;0.932;0.779;46126000000;10840000000;35286000000;46126000000;0;19457000000;0;0.036;4.29;-2025000000;17432000000;0.152;17432000000;-2025000000;-2226000000;-0.27;-0.27;-0.27;146000000000;147000000000;146000000000;260000000000;-128;14.939;-5263000000;-2.788;1;23215000000;0.203;4581000000;201000000;263000000000;266000000000;5419000000;30263000000;13000000;30250000000;113000000000;31785000000;81571000000;222000000000;-4034000000;743000000;650000000;7470000000;-8032000000;25000000;-16852000000;514000000;12846000000;-53000000;-497000000;-497000000;-497000000;0;66000000;-0.004;25174000000;-1959000000;13986000000;-15.889;1.526;-447.063;-435.926;182000000000;0;117.7;1.941;1.941;16577000000;173000000000;114000000000;114000000000;1033000000;-0.002;-0.003;-0.008;-0.018;0;4684000000;1;1887769320;1887769320;0;60.639;255000000000;0;-1729000000;19593000000;135.343;-2166000000;"56.66564028";"32.45903195"
